{
  "minecraft:recipes/redstone/noteblock": {
    "criteria": {
      "has_redstone": "2018-09-21 22:06:27 +0800"
    },
    "done": true
  },
  "minecraft:recipes/redstone/redstone": {
    "criteria": {
      "has_the_recipe": "2018-10-07 17:27:58 +0800"
    },
    "done": true
  },
  "minecraft:nether/create_beacon": {
    "criteria": {
      "beacon": "2018-09-21 22:49:31 +0800"
    },
    "done": true
  },
  "minecraft:recipes/tools/clock": {
    "criteria": {
      "has_redstone": "2018-09-21 22:06:27 +0800"
    },
    "done": true
  },
  "minecraft:recipes/redstone/redstone_torch": {
    "criteria": {
      "has_redstone": "2018-09-21 22:06:27 +0800"
    },
    "done": true
  },
  "minecraft:recipes/tools/compass": {
    "criteria": {
      "has_redstone": "2018-09-21 22:06:27 +0800"
    },
    "done": true
  },
  "minecraft:recipes/misc/diamond": {
    "criteria": {
      "has_diamond_block": "2018-09-21 22:07:38 +0800"
    },
    "done": true
  },
  "minecraft:recipes/redstone/repeater": {
    "criteria": {
      "has_redstone_torch": "2018-09-21 22:07:58 +0800"
    },
    "done": true
  },
  "minecraft:recipes/decorations/chest": {
    "criteria": {
      "has_lots_of_items": "2018-10-07 17:47:46 +0800"
    },
    "done": true
  },
  "minecraft:recipes/redstone/dropper": {
    "criteria": {
      "has_redstone": "2018-09-21 22:06:27 +0800"
    },
    "done": true
  },
  "minecraft:recipes/redstone/redstone_block": {
    "criteria": {
      "has_at_least_9_redstone": "2018-10-07 17:27:58 +0800"
    },
    "done": true
  },
  "minecraft:recipes/decorations/anvil": {
    "criteria": {
      "has_iron_block": "2018-09-21 22:07:46 +0800"
    },
    "done": true
  },
  "minecraft:recipes/redstone/piston": {
    "criteria": {
      "has_redstone": "2018-09-21 22:06:27 +0800"
    },
    "done": true
  },
  "minecraft:recipes/misc/iron_ingot_from_block": {
    "criteria": {
      "has_iron_block": "2018-09-21 22:07:46 +0800"
    },
    "done": true
  },
  "minecraft:adventure/adventuring_time": {
    "criteria": {
      "plains": "2018-09-21 22:06:18 +0800"
    },
    "done": false
  }
}