{"stat.walkOneCm":299971,"stat.useItem.minecraft.lever":21,"stat.pickup.minecraft.redstone_torch":11,"stat.pickup.minecraft.sign":1,"stat.useItem.minecraft.repeater":15,"stat.leaveGame":4,"stat.useItem.minecraft.tnt":7,"stat.jump":536,"stat.useItem.minecraft.sand":102,"stat.useItem.minecraft.redstone":120,"stat.crouchOneCm":390,"stat.useItem.minecraft.redstone_torch":7,"stat.sprintOneCm":2513,"stat.useItem.minecraft.diamond_block":11,"stat.useItem.minecraft.stone_slab2":571,"stat.useItem.minecraft.redstone_ore":12,"stat.pickup.minecraft.sand":1,"stat.pickup.minecraft.repeater":2,"stat.useItem.minecraft.iron_block":4,"stat.flyOneCm":154705,"stat.pickup.minecraft.lever":1,"stat.deaths":1,"stat.playOneMinute":84772,"stat.sneakTime":272,"stat.pickup.minecraft.redstone":9,"stat.timeSinceDeath":16155,"stat.useItem.minecraft.sign":2,"stat.useItem.minecraft.spawn_egg":1}